2026-00001,OFR-001,CCS111-24,1BSCS-1
2026-00001,OFR-002,CCS112-24,1BSCS-1
2025-00002,OFR-003,CCS211-24,2BSCS-1
2025-00002,OFR-004,CCS212-24,2BSCS-1
2025-00002,OFR-013,CIT211-24,2BSIT-1
2025-00002,OFR-014,CIT212-24,2BSIT-1
2025-00002,OFR-023,CIS211-24,2BSIS-1
2025-00002,OFR-024,CIS212-24,2BSIS-1
2025-00003,OFR-005,CCS211-24,2BSCS-2
2025-00003,OFR-006,CCS212-24,2BSCS-2
2024-00004,OFR-007,CCS311-24,3BSCS-1
2024-00004,OFR-008,CCS312-24,3BSCS-1
2023-00005,OFR-009,CCS411-24,4BSCS-1
2023-00005,OFR-010,CCS412-24,4BSCS-1
2026-00006,OFR-011,CIT111-24,1BSIT-1
2026-00006,OFR-012,CIT112-24,1BSIT-1
2025-00007,OFR-013,CIT211-24,2BSIT-1
2025-00007,OFR-014,CIT212-24,2BSIT-1
2025-00008,OFR-015,CIT211-24,2BSIT-2
2025-00008,OFR-016,CIT212-24,2BSIT-2
2024-00009,OFR-017,CIT311-24,3BSIT-1
2024-00009,OFR-018,CIT312-24,3BSIT-1
2023-00010,OFR-019,CIT411-24,4BSIT-1
2023-00010,OFR-020,CIT412-24,4BSIT-1
2026-00011,OFR-021,CIS111-24,1BSIS-1
2026-00011,OFR-022,CIS112-24,1BSIS-1
2025-00012,OFR-023,CIS211-24,2BSIS-1
2025-00012,OFR-024,CIS212-24,2BSIS-1
2025-00013,OFR-025,CIS211-24,2BSIS-2
2025-00013,OFR-026,CIS212-24,2BSIS-2
2024-00014,OFR-027,CIS311-24,3BSIS-1
2024-00014,OFR-028,CIS312-24,3BSIS-1
2023-00015,OFR-029,CIS411-24,4BSIS-1
2023-00015,OFR-030,CIS412-24,4BSIS-1
2026-00016,OFR-001,CCS111-24,1BSCS-1
2026-00016,OFR-002,CCS112-24,1BSCS-1
2026-00016,OFR-011,CIT111-24,1BSIT-1
2025-00017,OFR-003,CCS211-24,2BSCS-1
2025-00017,OFR-004,CCS212-24,2BSCS-1
2025-00017,OFR-013,CIT211-24,2BSIT-1
2024-00018,OFR-005,CCS211-24,2BSCS-2
2024-00018,OFR-006,CCS212-24,2BSCS-2
2024-00018,OFR-015,CIT211-24,2BSIT-2
2026-00019,OFR-007,CCS311-24,3BSCS-1
2026-00019,OFR-008,CCS312-24,3BSCS-1
2026-00019,OFR-017,CIT311-24,3BSIT-1
2026-00020,OFR-001,CCS111-24,1BSCS-1
2026-00020,OFR-002,CCS112-24,1BSCS-1
2026-00020,OFR-011,CIT111-24,1BSIT-1
2025-00021,OFR-003,CCS211-24,2BSCS-1
2025-00021,OFR-004,CCS212-24,2BSCS-1
2025-00022,OFR-005,CCS211-24,2BSCS-2
2025-00022,OFR-006,CCS212-24,2BSCS-2
2024-00023,OFR-007,CCS311-24,3BSCS-1
2024-00023,OFR-008,CCS312-24,3BSCS-1
2023-00024,OFR-009,CCS411-24,4BSCS-1
2023-00024,OFR-010,CCS412-24,4BSCS-1
2026-00025,OFR-011,CIT111-24,1BSIT-1
2026-00025,OFR-012,CIT112-24,1BSIT-1
2025-00026,OFR-013,CIT211-24,2BSIT-1
2025-00026,OFR-014,CIT212-24,2BSIT-1
2025-00027,OFR-015,CIT211-24,2BSIT-2
2025-00027,OFR-016,CIT212-24,2BSIT-2
2024-00028,OFR-017,CIT311-24,3BSIT-1
2024-00028,OFR-018,CIT312-24,3BSIT-1
2023-00029,OFR-019,CIT411-24,4BSIT-1
2023-00029,OFR-020,CIT412-24,4BSIT-1
2026-00030,OFR-001,CCS111-24,1BSCS-1
2026-00030,OFR-002,CCS112-24,1BSCS-1
2026-00030,OFR-021,CIS111-24,1BSIS-1
2025-00031,OFR-023,CIS211-24,2BSIS-1
2025-00031,OFR-024,CIS212-24,2BSIS-1
2025-00032,OFR-025,CIS211-24,2BSIS-2
2025-00032,OFR-026,CIS212-24,2BSIS-2
2024-00033,OFR-027,CIS311-24,3BSIS-1
2024-00033,OFR-028,CIS312-24,3BSIS-1
2023-00034,OFR-029,CIS411-24,4BSIS-1
2023-00034,OFR-030,CIS412-24,4BSIS-1
2026-00035,OFR-001,CCS111-24,1BSCS-1
2026-00035,OFR-002,CCS112-24,1BSCS-1
2025-00036,OFR-003,CCS211-24,2BSCS-1
2025-00036,OFR-004,CCS212-24,2BSCS-1
2025-00037,OFR-005,CCS211-24,2BSCS-2
2025-00037,OFR-006,CCS212-24,2BSCS-2
2024-00038,OFR-007,CCS311-24,3BSCS-1
2024-00038,OFR-008,CCS312-24,3BSCS-1
2023-00039,OFR-009,CCS411-24,4BSCS-1
2023-00039,OFR-010,CCS412-24,4BSCS-1
2026-00040,OFR-001,CCS111-24,1BSCS-1
2026-00040,OFR-002,CCS112-24,1BSCS-1
2026-00040,OFR-011,CIT111-24,1BSIT-1
2025-00041,OFR-013,CIT211-24,2BSIT-1
2025-00041,OFR-014,CIT212-24,2BSIT-1
2025-00042,OFR-015,CIT211-24,2BSIT-2
2025-00042,OFR-016,CIT212-24,2BSIT-2
2024-00043,OFR-017,CIT311-24,3BSIT-1
2024-00043,OFR-018,CIT312-24,3BSIT-1
2023-00044,OFR-019,CIT411-24,4BSIT-1
2023-00044,OFR-020,CIT412-24,4BSIT-1
2026-00045,OFR-021,CIS111-24,1BSIS-1
2026-00045,OFR-022,CIS112-24,1BSIS-1
2025-00046,OFR-023,CIS211-24,2BSIS-1
2025-00046,OFR-024,CIS212-24,2BSIS-1
2025-00047,OFR-025,CIS211-24,2BSIS-2
2025-00047,OFR-026,CIS212-24,2BSIS-2
2024-00048,OFR-027,CIS311-24,3BSIS-1
2024-00048,OFR-028,CIS312-24,3BSIS-1
2023-00049,OFR-029,CIS411-24,4BSIS-1
2023-00049,OFR-030,CIS412-24,4BSIS-1
2026-00050,OFR-001,CCS111-24,1BSCS-1
2026-00050,OFR-002,CCS112-24,1BSCS-1
2026-00050,OFR-011,CIT111-24,1BSIT-1
2025-00051,OFR-003,CCS211-24,2BSCS-1
2025-00051,OFR-004,CCS212-24,2BSCS-1
2025-00052,OFR-005,CCS211-24,2BSCS-2
2025-00052,OFR-006,CCS212-24,2BSCS-2
2024-00053,OFR-007,CCS311-24,3BSCS-1
2024-00053,OFR-008,CCS312-24,3BSCS-1
2023-00054,OFR-009,CCS411-24,4BSCS-1
2023-00054,OFR-010,CCS412-24,4BSCS-1
2026-00055,OFR-011,CIT111-24,1BSIT-1
2026-00055,OFR-012,CIT112-24,1BSIT-1
2025-00056,OFR-013,CIT211-24,2BSIT-1
2025-00056,OFR-014,CIT212-24,2BSIT-1
2025-00057,OFR-015,CIT211-24,2BSIT-2
2025-00057,OFR-016,CIT212-24,2BSIT-2
2024-00058,OFR-017,CIT311-24,3BSIT-1
2024-00058,OFR-018,CIT312-24,3BSIT-1
2023-00059,OFR-019,CIT411-24,4BSIT-1
2023-00059,OFR-020,CIT412-24,4BSIT-1
2026-00060,OFR-001,CCS111-24,1BSCS-1
2026-00060,OFR-002,CCS112-24,1BSCS-1
2026-00060,OFR-021,CIS111-24,1BSIS-1
2025-00061,OFR-023,CIS211-24,2BSIS-1
2025-00061,OFR-024,CIS212-24,2BSIS-1
2025-00062,OFR-025,CIS211-24,2BSIS-2
2025-00062,OFR-026,CIS212-24,2BSIS-2
2024-00063,OFR-027,CIS311-24,3BSIS-1
2024-00063,OFR-028,CIS312-24,3BSIS-1
2023-00064,OFR-029,CIS411-24,4BSIS-1
2023-00064,OFR-030,CIS412-24,4BSIS-1
2026-00065,OFR-001,CCS111-24,1BSCS-1
2026-00065,OFR-002,CCS112-24,1BSCS-1
2025-00066,OFR-003,CCS211-24,2BSCS-1
2025-00066,OFR-004,CCS212-24,2BSCS-1
2025-00067,OFR-005,CCS211-24,2BSCS-2
2025-00067,OFR-006,CCS212-24,2BSCS-2
2024-00068,OFR-007,CCS311-24,3BSCS-1
2024-00068,OFR-008,CCS312-24,3BSCS-1
2023-00069,OFR-009,CCS411-24,4BSCS-1
2023-00069,OFR-010,CCS412-24,4BSCS-1
2026-00070,OFR-001,CCS111-24,1BSCS-1
2026-00070,OFR-002,CCS112-24,1BSCS-1
2026-00070,OFR-011,CIT111-24,1BSIT-1
2025-00071,OFR-013,CIT211-24,2BSIT-1
2025-00071,OFR-014,CIT212-24,2BSIT-1
2025-00072,OFR-015,CIT211-24,2BSIT-2
2025-00072,OFR-016,CIT212-24,2BSIT-2
2024-00073,OFR-017,CIT311-24,3BSIT-1
2024-00073,OFR-018,CIT312-24,3BSIT-1
2023-00074,OFR-019,CIT411-24,4BSIT-1
2023-00074,OFR-020,CIT412-24,4BSIT-1
2026-00075,OFR-021,CIS111-24,1BSIS-1
2026-00075,OFR-022,CIS112-24,1BSIS-1
2025-00076,OFR-023,CIS211-24,2BSIS-1
2025-00076,OFR-024,CIS212-24,2BSIS-1
2025-00077,OFR-025,CIS211-24,2BSIS-2
2025-00077,OFR-026,CIS212-24,2BSIS-2
2024-00078,OFR-027,CIS311-24,3BSIS-1
2024-00078,OFR-028,CIS312-24,3BSIS-1
2023-00079,OFR-029,CIS411-24,4BSIS-1
2023-00079,OFR-030,CIS412-24,4BSIS-1
2026-00080,OFR-001,CCS111-24,1BSCS-1
2026-00080,OFR-002,CCS112-24,1BSCS-1
2026-00080,OFR-011,CIT111-24,1BSIT-1
2025-00081,OFR-003,CCS211-24,2BSCS-1
2025-00081,OFR-004,CCS212-24,2BSCS-1
2025-00082,OFR-005,CCS211-24,2BSCS-2
2025-00082,OFR-006,CCS212-24,2BSCS-2
2024-00083,OFR-007,CCS311-24,3BSCS-1
2024-00083,OFR-008,CCS312-24,3BSCS-1
2023-00084,OFR-009,CCS411-24,4BSCS-1
2023-00084,OFR-010,CCS412-24,4BSCS-1
2026-00085,OFR-011,CIT111-24,1BSIT-1
2026-00085,OFR-012,CIT112-24,1BSIT-1
2025-00086,OFR-013,CIT211-24,2BSIT-1
2025-00086,OFR-014,CIT212-24,2BSIT-1
2025-00087,OFR-015,CIT211-24,2BSIT-2
2025-00087,OFR-016,CIT212-24,2BSIT-2
2024-00088,OFR-017,CIT311-24,3BSIT-1
2024-00088,OFR-018,CIT312-24,3BSIT-1
2023-00089,OFR-019,CIT411-24,4BSIT-1
2023-00089,OFR-020,CIT412-24,4BSIT-1
2026-00090,OFR-001,CCS111-24,1BSCS-1
2026-00090,OFR-002,CCS112-24,1BSCS-1
2026-00090,OFR-021,CIS111-24,1BSIS-1
2025-00091,OFR-023,CIS211-24,2BSIS-1
2025-00091,OFR-024,CIS212-24,2BSIS-1
2025-00092,OFR-025,CIS211-24,2BSIS-2
2025-00092,OFR-026,CIS212-24,2BSIS-2
2024-00093,OFR-027,CIS311-24,3BSIS-1
2024-00093,OFR-028,CIS312-24,3BSIS-1
2023-00094,OFR-029,CIS411-24,4BSIS-1
2023-00094,OFR-030,CIS412-24,4BSIS-1
2026-00095,OFR-001,CCS111-24,1BSCS-1
2026-00095,OFR-002,CCS112-24,1BSCS-1
2025-00096,OFR-003,CCS211-24,2BSCS-1
2025-00096,OFR-004,CCS212-24,2BSCS-1
2025-00097,OFR-005,CCS211-24,2BSCS-2
2025-00097,OFR-006,CCS212-24,2BSCS-2
2024-00098,OFR-007,CCS311-24,3BSCS-1
2024-00098,OFR-008,CCS312-24,3BSCS-1
2023-00099,OFR-009,CCS411-24,4BSCS-1
2023-00099,OFR-010,CCS412-24,4BSCS-1
2026-00100,OFR-001,CCS111-24,1BSCS-1
2026-00100,OFR-002,CCS112-24,1BSCS-1
2026-00100,OFR-011,CIT111-24,1BSIT-1
2025-00101,OFR-013,CIT211-24,2BSIT-1
2025-00101,OFR-014,CIT212-24,2BSIT-1
2025-00102,OFR-015,CIT211-24,2BSIT-2
2025-00102,OFR-016,CIT212-24,2BSIT-2
2024-00103,OFR-017,CIT311-24,3BSIT-1
2024-00103,OFR-018,CIT312-24,3BSIT-1
2023-00104,OFR-019,CIT411-24,4BSIT-1
2023-00104,OFR-020,CIT412-24,4BSIT-1
2026-00105,OFR-021,CIS111-24,1BSIS-1
2026-00105,OFR-022,CIS112-24,1BSIS-1
2025-00106,OFR-023,CIS211-24,2BSIS-1
2025-00106,OFR-024,CIS212-24,2BSIS-1
2025-00107,OFR-025,CIS211-24,2BSIS-2
2025-00107,OFR-026,CIS212-24,2BSIS-2
2024-00108,OFR-027,CIS311-24,3BSIS-1
2024-00108,OFR-028,CIS312-24,3BSIS-1
2023-00109,OFR-029,CIS411-24,4BSIS-1
2023-00109,OFR-030,CIS412-24,4BSIS-1
2026-00110,OFR-001,CCS111-24,1BSCS-1
2026-00110,OFR-002,CCS112-24,1BSCS-1
2026-00110,OFR-011,CIT111-24,1BSIT-1
2025-00111,OFR-003,CCS211-24,2BSCS-1
2025-00111,OFR-004,CCS212-24,2BSCS-1
2025-00112,OFR-005,CCS211-24,2BSCS-2
2025-00112,OFR-006,CCS212-24,2BSCS-2
2024-00113,OFR-007,CCS311-24,3BSCS-1
2024-00113,OFR-008,CCS312-24,3BSCS-1
2023-00114,OFR-009,CCS411-24,4BSCS-1
2023-00114,OFR-010,CCS412-24,4BSCS-1
2026-00115,OFR-011,CIT111-24,1BSIT-1
2026-00115,OFR-012,CIT112-24,1BSIT-1
2025-00116,OFR-013,CIT211-24,2BSIT-1
2025-00116,OFR-014,CIT212-24,2BSIT-1
2025-00117,OFR-015,CIT211-24,2BSIT-2
2025-00117,OFR-016,CIT212-24,2BSIT-2
2024-00118,OFR-017,CIT311-24,3BSIT-1
2024-00118,OFR-018,CIT312-24,3BSIT-1
2023-00119,OFR-019,CIT411-24,4BSIT-1
2023-00119,OFR-020,CIT412-24,4BSIT-1
2026-00120,OFR-001,CCS111-24,1BSCS-1
2026-00120,OFR-002,CCS112-24,1BSCS-1
2026-00120,OFR-021,CIS111-24,1BSIS-1
2025-00121,OFR-023,CIS211-24,2BSIS-1
2025-00121,OFR-024,CIS212-24,2BSIS-1
2025-00122,OFR-025,CIS211-24,2BSIS-2
2025-00122,OFR-026,CIS212-24,2BSIS-2
2024-00123,OFR-027,CIS311-24,3BSIS-1
2024-00123,OFR-028,CIS312-24,3BSIS-1
2023-00124,OFR-029,CIS411-24,4BSIS-1
2023-00124,OFR-030,CIS412-24,4BSIS-1
2026-00125,OFR-001,CCS111-24,1BSCS-1
2026-00125,OFR-002,CCS112-24,1BSCS-1
2025-00126,OFR-003,CCS211-24,2BSCS-1
2025-00126,OFR-004,CCS212-24,2BSCS-1
2025-00127,OFR-005,CCS211-24,2BSCS-2
2025-00127,OFR-006,CCS212-24,2BSCS-2
2024-00128,OFR-007,CCS311-24,3BSCS-1
2024-00128,OFR-008,CCS312-24,3BSCS-1
2023-00129,OFR-009,CCS411-24,4BSCS-1
2023-00129,OFR-010,CCS412-24,4BSCS-1
2026-00130,OFR-001,CCS111-24,1BSCS-1
2026-00130,OFR-002,CCS112-24,1BSCS-1
2026-00130,OFR-011,CIT111-24,1BSIT-1
2025-00131,OFR-013,CIT211-24,2BSIT-1
2025-00131,OFR-014,CIT212-24,2BSIT-1
2025-00132,OFR-015,CIT211-24,2BSIT-2
2025-00132,OFR-016,CIT212-24,2BSIT-2
2024-00133,OFR-017,CIT311-24,3BSIT-1
2024-00133,OFR-018,CIT312-24,3BSIT-1
2023-00134,OFR-019,CIT411-24,4BSIT-1
2023-00134,OFR-020,CIT412-24,4BSIT-1
2026-00135,OFR-021,CIS111-24,1BSIS-1
2026-00135,OFR-022,CIS112-24,1BSIS-1
2025-00136,OFR-023,CIS211-24,2BSIS-1
2025-00136,OFR-024,CIS212-24,2BSIS-1
2025-00137,OFR-025,CIS211-24,2BSIS-2
2025-00137,OFR-026,CIS212-24,2BSIS-2
2024-00138,OFR-027,CIS311-24,3BSIS-1
2024-00138,OFR-028,CIS312-24,3BSIS-1
2023-00139,OFR-029,CIS411-24,4BSIS-1
2023-00139,OFR-030,CIS412-24,4BSIS-1
2026-00140,OFR-001,CCS111-24,1BSCS-1
2026-00140,OFR-002,CCS112-24,1BSCS-1
2026-00140,OFR-011,CIT111-24,1BSIT-1
2025-00141,OFR-003,CCS211-24,2BSCS-1
2025-00141,OFR-004,CCS212-24,2BSCS-1
2025-00142,OFR-005,CCS211-24,2BSCS-2
2025-00142,OFR-006,CCS212-24,2BSCS-2
2024-00143,OFR-007,CCS311-24,3BSCS-1
2024-00143,OFR-008,CCS312-24,3BSCS-1
2023-00144,OFR-009,CCS411-24,4BSCS-1
2023-00144,OFR-010,CCS412-24,4BSCS-1
2026-00145,OFR-011,CIT111-24,1BSIT-1
2026-00145,OFR-012,CIT112-24,1BSIT-1
2025-00146,OFR-013,CIT211-24,2BSIT-1
2025-00146,OFR-014,CIT212-24,2BSIT-1
2025-00147,OFR-015,CIT211-24,2BSIT-2
2025-00147,OFR-016,CIT212-24,2BSIT-2
2024-00148,OFR-017,CIT311-24,3BSIT-1
2024-00148,OFR-018,CIT312-24,3BSIT-1
2023-00149,OFR-019,CIT411-24,4BSIT-1
2023-00149,OFR-020,CIT412-24,4BSIT-1
2026-00150,OFR-001,CCS111-24,1BSCS-1
2026-00150,OFR-002,CCS112-24,1BSCS-1
2026-00150,OFR-021,CIS111-24,1BSIS-1
2025-00151,OFR-023,CIS211-24,2BSIS-1
2025-00151,OFR-024,CIS212-24,2BSIS-1
2025-00152,OFR-025,CIS211-24,2BSIS-2
2025-00152,OFR-026,CIS212-24,2BSIS-2
2024-00153,OFR-027,CIS311-24,3BSIS-1
2024-00153,OFR-028,CIS312-24,3BSIS-1
2023-00154,OFR-029,CIS411-24,4BSIS-1
2023-00154,OFR-030,CIS412-24,4BSIS-1
2026-00155,OFR-001,CCS111-24,1BSCS-1
2026-00155,OFR-002,CCS112-24,1BSCS-1
2025-00156,OFR-003,CCS211-24,2BSCS-1
2025-00156,OFR-004,CCS212-24,2BSCS-1
2025-00157,OFR-005,CCS211-24,2BSCS-2
2025-00157,OFR-006,CCS212-24,2BSCS-2
2024-00158,OFR-007,CCS311-24,3BSCS-1
2024-00158,OFR-008,CCS312-24,3BSCS-1
2023-00159,OFR-009,CCS411-24,4BSCS-1
2023-00159,OFR-010,CCS412-24,4BSCS-1
2026-00160,OFR-001,CCS111-24,1BSCS-1
2026-00160,OFR-002,CCS112-24,1BSCS-1
2026-00160,OFR-011,CIT111-24,1BSIT-1
2025-00161,OFR-013,CIT211-24,2BSIT-1
2025-00161,OFR-014,CIT212-24,2BSIT-1
2025-00162,OFR-015,CIT211-24,2BSIT-2
2025-00162,OFR-016,CIT212-24,2BSIT-2
2024-00163,OFR-017,CIT311-24,3BSIT-1
2024-00163,OFR-018,CIT312-24,3BSIT-1
2023-00164,OFR-019,CIT411-24,4BSIT-1
2023-00164,OFR-020,CIT412-24,4BSIT-1
2026-00165,OFR-021,CIS111-24,1BSIS-1
2026-00165,OFR-022,CIS112-24,1BSIS-1
2025-00166,OFR-023,CIS211-24,2BSIS-1
2025-00166,OFR-024,CIS212-24,2BSIS-1
2025-00167,OFR-025,CIS211-24,2BSIS-2
2025-00167,OFR-026,CIS212-24,2BSIS-2
2024-00168,OFR-027,CIS311-24,3BSIS-1
2024-00168,OFR-028,CIS312-24,3BSIS-1
2023-00169,OFR-029,CIS411-24,4BSIS-1
2023-00169,OFR-030,CIS412-24,4BSIS-1
2026-00170,OFR-001,CCS111-24,1BSCS-1
2026-00170,OFR-002,CCS112-24,1BSCS-1
2026-00170,OFR-011,CIT111-24,1BSIT-1
2025-00171,OFR-003,CCS211-24,2BSCS-1
2025-00171,OFR-004,CCS212-24,2BSCS-1
2025-00172,OFR-005,CCS211-24,2BSCS-2
2025-00172,OFR-006,CCS212-24,2BSCS-2
2024-00173,OFR-007,CCS311-24,3BSCS-1
2024-00173,OFR-008,CCS312-24,3BSCS-1
2023-00174,OFR-009,CCS411-24,4BSCS-1
2023-00174,OFR-010,CCS412-24,4BSCS-1
2026-00175,OFR-011,CIT111-24,1BSIT-1
2026-00175,OFR-012,CIT112-24,1BSIT-1
2025-00176,OFR-013,CIT211-24,2BSIT-1
2025-00176,OFR-014,CIT212-24,2BSIT-1
2025-00177,OFR-015,CIT211-24,2BSIT-2
2025-00177,OFR-016,CIT212-24,2BSIT-2
2024-00178,OFR-017,CIT311-24,3BSIT-1
2024-00178,OFR-018,CIT312-24,3BSIT-1
2023-00179,OFR-019,CIT411-24,4BSIT-1
2023-00179,OFR-020,CIT412-24,4BSIT-1
2026-00180,OFR-001,CCS111-24,1BSCS-1
2026-00180,OFR-002,CCS112-24,1BSCS-1
2026-00180,OFR-021,CIS111-24,1BSIS-1
2025-00181,OFR-023,CIS211-24,2BSIS-1
2025-00181,OFR-024,CIS212-24,2BSIS-1
2025-00182,OFR-025,CIS211-24,2BSIS-2
2025-00182,OFR-026,CIS212-24,2BSIS-2
2024-00183,OFR-027,CIS311-24,3BSIS-1
2024-00183,OFR-028,CIS312-24,3BSIS-1
2023-00184,OFR-029,CIS411-24,4BSIS-1
2023-00184,OFR-030,CIS412-24,4BSIS-1
2026-00185,OFR-001,CCS111-24,1BSCS-1
2026-00185,OFR-002,CCS112-24,1BSCS-1
2025-00186,OFR-003,CCS211-24,2BSCS-1
2025-00186,OFR-004,CCS212-24,2BSCS-1
2025-00187,OFR-005,CCS211-24,2BSCS-2
2025-00187,OFR-006,CCS212-24,2BSCS-2
2024-00188,OFR-007,CCS311-24,3BSCS-1
2024-00188,OFR-008,CCS312-24,3BSCS-1
2023-00189,OFR-009,CCS411-24,4BSCS-1
2023-00189,OFR-010,CCS412-24,4BSCS-1
2026-00190,OFR-001,CCS111-24,1BSCS-1
2026-00190,OFR-002,CCS112-24,1BSCS-1
2026-00190,OFR-011,CIT111-24,1BSIT-1
2025-00191,OFR-013,CIT211-24,2BSIT-1
2025-00191,OFR-014,CIT212-24,2BSIT-1
2025-00192,OFR-015,CIT211-24,2BSIT-2
2025-00192,OFR-016,CIT212-24,2BSIT-2
2024-00193,OFR-017,CIT311-24,3BSIT-1
2024-00193,OFR-018,CIT312-24,3BSIT-1
2023-00194,OFR-019,CIT411-24,4BSIT-1
2023-00194,OFR-020,CIT412-24,4BSIT-1
2026-00195,OFR-021,CIS111-24,1BSIS-1
2026-00195,OFR-022,CIS112-24,1BSIS-1
2025-00196,OFR-023,CIS211-24,2BSIS-1
2025-00196,OFR-024,CIS212-24,2BSIS-1
2025-00197,OFR-025,CIS211-24,2BSIS-2
2025-00197,OFR-026,CIS212-24,2BSIS-2
2024-00198,OFR-027,CIS311-24,3BSIS-1
2024-00198,OFR-028,CIS312-24,3BSIS-1
2023-00199,OFR-029,CIS411-24,4BSIS-1
2023-00199,OFR-030,CIS412-24,4BSIS-1
2026-00200,OFR-001,CCS111-24,1BSCS-1
2026-00200,OFR-002,CCS112-24,1BSCS-1
2026-00200,OFR-011,CIT111-24,1BSIT-1
2025-00201,OFR-003,CCS211-24,2BSCS-1
2025-00201,OFR-004,CCS212-24,2BSCS-1
2025-00202,OFR-005,CCS211-24,2BSCS-2
2025-00202,OFR-006,CCS212-24,2BSCS-2
2024-00203,OFR-007,CCS311-24,3BSCS-1
2024-00203,OFR-008,CCS312-24,3BSCS-1
2023-00204,OFR-009,CCS411-24,4BSCS-1
2023-00204,OFR-010,CCS412-24,4BSCS-1
2026-00205,OFR-011,CIT111-24,1BSIT-1
2026-00205,OFR-012,CIT112-24,1BSIT-1
2025-00206,OFR-013,CIT211-24,2BSIT-1
2025-00206,OFR-014,CIT212-24,2BSIT-1
2025-00207,OFR-015,CIT211-24,2BSIT-2
2025-00207,OFR-016,CIT212-24,2BSIT-2
2024-00208,OFR-017,CIT311-24,3BSIT-1
2024-00208,OFR-018,CIT312-24,3BSIT-1
2023-00209,OFR-019,CIT411-24,4BSIT-1
2023-00209,OFR-020,CIT412-24,4BSIT-1
2026-00210,OFR-001,CCS111-24,1BSCS-1
2026-00210,OFR-002,CCS112-24,1BSCS-1
2026-00210,OFR-021,CIS111-24,1BSIS-1
2025-00211,OFR-023,CIS211-24,2BSIS-1
2025-00211,OFR-024,CIS212-24,2BSIS-1
2025-00212,OFR-025,CIS211-24,2BSIS-2
2025-00212,OFR-026,CIS212-24,2BSIS-2
2024-00213,OFR-027,CIS311-24,3BSIS-1
2024-00213,OFR-028,CIS312-24,3BSIS-1
2023-00214,OFR-029,CIS411-24,4BSIS-1
2023-00214,OFR-030,CIS412-24,4BSIS-1
2026-00215,OFR-001,CCS111-24,1BSCS-1
2026-00215,OFR-002,CCS112-24,1BSCS-1
2025-00216,OFR-003,CCS211-24,2BSCS-1
2025-00216,OFR-004,CCS212-24,2BSCS-1
2025-00217,OFR-005,CCS211-24,2BSCS-2
2025-00217,OFR-006,CCS212-24,2BSCS-2
2024-00218,OFR-007,CCS311-24,3BSCS-1
2024-00218,OFR-008,CCS312-24,3BSCS-1
2023-00219,OFR-009,CCS411-24,4BSCS-1
2023-00219,OFR-010,CCS412-24,4BSCS-1
2026-00220,OFR-001,CCS111-24,1BSCS-1
2026-00220,OFR-002,CCS112-24,1BSCS-1
2026-00220,OFR-011,CIT111-24,1BSIT-1
2025-00221,OFR-013,CIT211-24,2BSIT-1
2025-00221,OFR-014,CIT212-24,2BSIT-1
2025-00222,OFR-015,CIT211-24,2BSIT-2
2025-00222,OFR-016,CIT212-24,2BSIT-2
2024-00223,OFR-017,CIT311-24,3BSIT-1
2024-00223,OFR-018,CIT312-24,3BSIT-1
2023-00224,OFR-019,CIT411-24,4BSIT-1
2023-00224,OFR-020,CIT412-24,4BSIT-1
2026-00225,OFR-021,CIS111-24,1BSIS-1
2026-00225,OFR-022,CIS112-24,1BSIS-1
2025-00226,OFR-023,CIS211-24,2BSIS-1
2025-00226,OFR-024,CIS212-24,2BSIS-1
2025-00227,OFR-025,CIS211-24,2BSIS-2
2025-00227,OFR-026,CIS212-24,2BSIS-2
2024-00228,OFR-027,CIS311-24,3BSIS-1
2024-00228,OFR-028,CIS312-24,3BSIS-1
2023-00229,OFR-029,CIS411-24,4BSIS-1
2023-00229,OFR-030,CIS412-24,4BSIS-1
2026-00230,OFR-001,CCS111-24,1BSCS-1
2026-00230,OFR-002,CCS112-24,1BSCS-1
2026-00230,OFR-011,CIT111-24,1BSIT-1
2025-00231,OFR-003,CCS211-24,2BSCS-1
2025-00231,OFR-004,CCS212-24,2BSCS-1
2025-00232,OFR-005,CCS211-24,2BSCS-2
2025-00232,OFR-006,CCS212-24,2BSCS-2
2024-00233,OFR-007,CCS311-24,3BSCS-1
2024-00233,OFR-008,CCS312-24,3BSCS-1
2023-00234,OFR-009,CCS411-24,4BSCS-1
2023-00234,OFR-010,CCS412-24,4BSCS-1
2026-00235,OFR-011,CIT111-24,1BSIT-1
2026-00235,OFR-012,CIT112-24,1BSIT-1
2025-00236,OFR-013,CIT211-24,2BSIT-1
2025-00236,OFR-014,CIT212-24,2BSIT-1
2025-00237,OFR-015,CIT211-24,2BSIT-2
2025-00237,OFR-016,CIT212-24,2BSIT-2
2024-00238,OFR-017,CIT311-24,3BSIT-1
2024-00238,OFR-018,CIT312-24,3BSIT-1
2023-00239,OFR-019,CIT411-24,4BSIT-1
2023-00239,OFR-020,CIT412-24,4BSIT-1
2026-00240,OFR-001,CCS111-24,1BSCS-1
2026-00240,OFR-002,CCS112-24,1BSCS-1
2026-00240,OFR-021,CIS111-24,1BSIS-1
2025-00241,OFR-023,CIS211-24,2BSIS-1
2025-00241,OFR-024,CIS212-24,2BSIS-1
2025-00242,OFR-025,CIS211-24,2BSIS-2
2025-00242,OFR-026,CIS212-24,2BSIS-2
2024-00243,OFR-027,CIS311-24,3BSIS-1
2024-00243,OFR-028,CIS312-24,3BSIS-1
2023-00244,OFR-029,CIS411-24,4BSIS-1
2023-00244,OFR-030,CIS412-24,4BSIS-1
2026-00245,OFR-001,CCS111-24,1BSCS-1
2026-00245,OFR-002,CCS112-24,1BSCS-1
2025-00246,OFR-003,CCS211-24,2BSCS-1
2025-00246,OFR-004,CCS212-24,2BSCS-1
2025-00247,OFR-005,CCS211-24,2BSCS-2
2025-00247,OFR-006,CCS212-24,2BSCS-2
2024-00248,OFR-007,CCS311-24,3BSCS-1
2024-00248,OFR-008,CCS312-24,3BSCS-1
2023-00249,OFR-009,CCS411-24,4BSCS-1
2023-00249,OFR-010,CCS412-24,4BSCS-1
2026-00250,OFR-001,CCS111-24,1BSCS-1
2026-00250,OFR-002,CCS112-24,1BSCS-1
2026-00250,OFR-011,CIT111-24,1BSIT-1
2025-00251,OFR-013,CIT211-24,2BSIT-1
2025-00251,OFR-014,CIT212-24,2BSIT-1
2025-00252,OFR-015,CIT211-24,2BSIT-2
2025-00252,OFR-016,CIT212-24,2BSIT-2
2024-00253,OFR-017,CIT311-24,3BSIT-1
2024-00253,OFR-018,CIT312-24,3BSIT-1
2023-00254,OFR-019,CIT411-24,4BSIT-1
2023-00254,OFR-020,CIT412-24,4BSIT-1
2026-00255,OFR-021,CIS111-24,1BSIS-1
2026-00255,OFR-022,CIS112-24,1BSIS-1
2025-00256,OFR-023,CIS211-24,2BSIS-1
2025-00256,OFR-024,CIS212-24,2BSIS-1
2025-00257,OFR-025,CIS211-24,2BSIS-2
2025-00257,OFR-026,CIS212-24,2BSIS-2
2024-00258,OFR-027,CIS311-24,3BSIS-1
2024-00258,OFR-028,CIS312-24,3BSIS-1
2023-00259,OFR-029,CIS411-24,4BSIS-1
2023-00259,OFR-030,CIS412-24,4BSIS-1
2026-00260,OFR-001,CCS111-24,1BSCS-1
2026-00260,OFR-002,CCS112-24,1BSCS-1
2026-00260,OFR-011,CIT111-24,1BSIT-1
2025-00261,OFR-003,CCS211-24,2BSCS-1
2025-00261,OFR-004,CCS212-24,2BSCS-1
2025-00262,OFR-005,CCS211-24,2BSCS-2
2025-00262,OFR-006,CCS212-24,2BSCS-2
2024-00263,OFR-007,CCS311-24,3BSCS-1
2024-00263,OFR-008,CCS312-24,3BSCS-1
2023-00264,OFR-009,CCS411-24,4BSCS-1
2023-00264,OFR-010,CCS412-24,4BSCS-1
2026-00265,OFR-011,CIT111-24,1BSIT-1
2026-00265,OFR-012,CIT112-24,1BSIT-1
2025-00266,OFR-013,CIT211-24,2BSIT-1
2025-00266,OFR-014,CIT212-24,2BSIT-1
2025-00267,OFR-015,CIT211-24,2BSIT-2
2025-00267,OFR-016,CIT212-24,2BSIT-2
2024-00268,OFR-017,CIT311-24,3BSIT-1
2024-00268,OFR-018,CIT312-24,3BSIT-1
2023-00269,OFR-019,CIT411-24,4BSIT-1
2023-00269,OFR-020,CIT412-24,4BSIT-1
2026-00270,OFR-001,CCS111-24,1BSCS-1
2026-00270,OFR-002,CCS112-24,1BSCS-1
2026-00270,OFR-021,CIS111-24,1BSIS-1
2025-00271,OFR-023,CIS211-24,2BSIS-1
2025-00271,OFR-024,CIS212-24,2BSIS-1
2025-00272,OFR-025,CIS211-24,2BSIS-2
2025-00272,OFR-026,CIS212-24,2BSIS-2
2024-00273,OFR-027,CIS311-24,3BSIS-1
2024-00273,OFR-028,CIS312-24,3BSIS-1
2023-00274,OFR-029,CIS411-24,4BSIS-1
2023-00274,OFR-030,CIS412-24,4BSIS-1
2026-00275,OFR-001,CCS111-24,1BSCS-1
2026-00275,OFR-002,CCS112-24,1BSCS-1
2025-00276,OFR-003,CCS211-24,2BSCS-1
2025-00276,OFR-004,CCS212-24,2BSCS-1
2025-00277,OFR-005,CCS211-24,2BSCS-2
2025-00277,OFR-006,CCS212-24,2BSCS-2
2024-00278,OFR-007,CCS311-24,3BSCS-1
2024-00278,OFR-008,CCS312-24,3BSCS-1
2023-00279,OFR-009,CCS411-24,4BSCS-1
2023-00279,OFR-010,CCS412-24,4BSCS-1
2026-00280,OFR-001,CCS111-24,1BSCS-1
2026-00280,OFR-002,CCS112-24,1BSCS-1
2026-00280,OFR-011,CIT111-24,1BSIT-1
2025-00281,OFR-013,CIT211-24,2BSIT-1
2025-00281,OFR-014,CIT212-24,2BSIT-1
2025-00282,OFR-015,CIT211-24,2BSIT-2
2025-00282,OFR-016,CIT212-24,2BSIT-2
2024-00283,OFR-017,CIT311-24,3BSIT-1
2024-00283,OFR-018,CIT312-24,3BSIT-1
2023-00284,OFR-019,CIT411-24,4BSIT-1
2023-00284,OFR-020,CIT412-24,4BSIT-1
2026-00285,OFR-021,CIS111-24,1BSIS-1
2026-00285,OFR-022,CIS112-24,1BSIS-1
2025-00286,OFR-023,CIS211-24,2BSIS-1
2025-00286,OFR-024,CIS212-24,2BSIS-1
2025-00287,OFR-025,CIS211-24,2BSIS-2
2025-00287,OFR-026,CIS212-24,2BSIS-2
2024-00288,OFR-027,CIS311-24,3BSIS-1
2024-00288,OFR-028,CIS312-24,3BSIS-1
2023-00289,OFR-029,CIS411-24,4BSIS-1
2023-00289,OFR-030,CIS412-24,4BSIS-1
2026-00290,OFR-001,CCS111-24,1BSCS-1
2026-00290,OFR-002,CCS112-24,1BSCS-1
2026-00290,OFR-011,CIT111-24,1BSIT-1
2025-00291,OFR-003,CCS211-24,2BSCS-1
2025-00291,OFR-004,CCS212-24,2BSCS-1
2025-00292,OFR-005,CCS211-24,2BSCS-2
2025-00292,OFR-006,CCS212-24,2BSCS-2
2024-00293,OFR-007,CCS311-24,3BSCS-1
2024-00293,OFR-008,CCS312-24,3BSCS-1
2023-00294,OFR-009,CCS411-24,4BSCS-1
2023-00294,OFR-010,CCS412-24,4BSCS-1
2026-00295,OFR-011,CIT111-24,1BSIT-1
2026-00295,OFR-012,CIT112-24,1BSIT-1
2025-00296,OFR-013,CIT211-24,2BSIT-1
2025-00296,OFR-014,CIT212-24,2BSIT-1
2025-00297,OFR-015,CIT211-24,2BSIT-2
2025-00297,OFR-016,CIT212-24,2BSIT-2
2024-00298,OFR-017,CIT311-24,3BSIT-1
2024-00298,OFR-018,CIT312-24,3BSIT-1
2023-00299,OFR-019,CIT411-24,4BSIT-1
2023-00299,OFR-020,CIT412-24,4BSIT-1
2026-00300,OFR-001,CCS111-24,1BSCS-1
2026-00300,OFR-002,CCS112-24,1BSCS-1
2026-00300,OFR-021,CIS111-24,1BSIS-1
2025-00301,OFR-023,CIS211-24,2BSIS-1
2025-00301,OFR-024,CIS212-24,2BSIS-1
2025-00302,OFR-025,CIS211-24,2BSIS-2
2025-00302,OFR-026,CIS212-24,2BSIS-2
2024-00303,OFR-027,CIS311-24,3BSIS-1
2024-00303,OFR-028,CIS312-24,3BSIS-1
2023-00304,OFR-029,CIS411-24,4BSIS-1
2023-00304,OFR-030,CIS412-24,4BSIS-1
2026-00305,OFR-001,CCS111-24,1BSCS-1
2026-00305,OFR-002,CCS112-24,1BSCS-1
2025-00306,OFR-003,CCS211-24,2BSCS-1
2025-00306,OFR-004,CCS212-24,2BSCS-1
2025-00307,OFR-005,CCS211-24,2BSCS-2
2025-00307,OFR-006,CCS212-24,2BSCS-2
2024-00308,OFR-007,CCS311-24,3BSCS-1
2024-00308,OFR-008,CCS312-24,3BSCS-1
2023-00309,OFR-009,CCS411-24,4BSCS-1
2023-00309,OFR-010,CCS412-24,4BSCS-1
2026-00310,OFR-001,CCS111-24,1BSCS-1
2026-00310,OFR-002,CCS112-24,1BSCS-1
2026-00310,OFR-011,CIT111-24,1BSIT-1
2025-00311,OFR-013,CIT211-24,2BSIT-1
2025-00311,OFR-014,CIT212-24,2BSIT-1
2025-00312,OFR-015,CIT211-24,2BSIT-2
2025-00312,OFR-016,CIT212-24,2BSIT-2
2024-00313,OFR-017,CIT311-24,3BSIT-1
2024-00313,OFR-018,CIT312-24,3BSIT-1
2023-00314,OFR-019,CIT411-24,4BSIT-1
2023-00314,OFR-020,CIT412-24,4BSIT-1
2026-00315,OFR-021,CIS111-24,1BSIS-1
2026-00315,OFR-022,CIS112-24,1BSIS-1
2025-00316,OFR-023,CIS211-24,2BSIS-1
2025-00316,OFR-024,CIS212-24,2BSIS-1
2025-00317,OFR-025,CIS211-24,2BSIS-2
2025-00317,OFR-026,CIS212-24,2BSIS-2
2024-00318,OFR-027,CIS311-24,3BSIS-1
2024-00318,OFR-028,CIS312-24,3BSIS-1
2023-00319,OFR-029,CIS411-24,4BSIS-1
2023-00319,OFR-030,CIS412-24,4BSIS-1
2026-00320,OFR-001,CCS111-24,1BSCS-1
2026-00320,OFR-002,CCS112-24,1BSCS-1
2026-00320,OFR-011,CIT111-24,1BSIT-1
2025-00321,OFR-003,CCS211-24,2BSCS-1
2025-00321,OFR-004,CCS212-24,2BSCS-1
2025-00322,OFR-005,CCS211-24,2BSCS-2
2025-00322,OFR-006,CCS212-24,2BSCS-2
2024-00323,OFR-007,CCS311-24,3BSCS-1
2024-00323,OFR-008,CCS312-24,3BSCS-1
2023-00324,OFR-009,CCS411-24,4BSCS-1
2023-00324,OFR-010,CCS412-24,4BSCS-1
2026-00325,OFR-011,CIT111-24,1BSIT-1
2026-00325,OFR-012,CIT112-24,1BSIT-1
2025-00326,OFR-013,CIT211-24,2BSIT-1
2025-00326,OFR-014,CIT212-24,2BSIT-1
2025-00327,OFR-015,CIT211-24,2BSIT-2
2025-00327,OFR-016,CIT212-24,2BSIT-2
2024-00328,OFR-017,CIT311-24,3BSIT-1
2024-00328,OFR-018,CIT312-24,3BSIT-1
2023-00329,OFR-019,CIT411-24,4BSIT-1
2023-00329,OFR-020,CIT412-24,4BSIT-1
2026-00330,OFR-001,CCS111-24,1BSCS-1
2026-00330,OFR-002,CCS112-24,1BSCS-1
2026-00330,OFR-021,CIS111-24,1BSIS-1
2025-00331,OFR-023,CIS211-24,2BSIS-1
2025-00331,OFR-024,CIS212-24,2BSIS-1
2025-00332,OFR-025,CIS211-24,2BSIS-2
2025-00332,OFR-026,CIS212-24,2BSIS-2
2024-00333,OFR-027,CIS311-24,3BSIS-1
2024-00333,OFR-028,CIS312-24,3BSIS-1
2023-00334,OFR-029,CIS411-24,4BSIS-1
2023-00334,OFR-030,CIS412-24,4BSIS-1
2026-00335,OFR-001,CCS111-24,1BSCS-1
2026-00335,OFR-002,CCS112-24,1BSCS-1
2025-00336,OFR-003,CCS211-24,2BSCS-1
2025-00336,OFR-004,CCS212-24,2BSCS-1
2025-00337,OFR-005,CCS211-24,2BSCS-2
2025-00337,OFR-006,CCS212-24,2BSCS-2
2024-00338,OFR-007,CCS311-24,3BSCS-1
2024-00338,OFR-008,CCS312-24,3BSCS-1
2023-00339,OFR-009,CCS411-24,4BSCS-1
2023-00339,OFR-010,CCS412-24,4BSCS-1
2026-00340,OFR-001,CCS111-24,1BSCS-1
2026-00340,OFR-002,CCS112-24,1BSCS-1
2026-00340,OFR-011,CIT111-24,1BSIT-1
2025-00341,OFR-013,CIT211-24,2BSIT-1
2025-00341,OFR-014,CIT212-24,2BSIT-1
2025-00342,OFR-015,CIT211-24,2BSIT-2
2025-00342,OFR-016,CIT212-24,2BSIT-2
2024-00343,OFR-017,CIT311-24,3BSIT-1
2024-00343,OFR-018,CIT312-24,3BSIT-1
2023-00344,OFR-019,CIT411-24,4BSIT-1
2023-00344,OFR-020,CIT412-24,4BSIT-1
2026-00345,OFR-021,CIS111-24,1BSIS-1
2026-00345,OFR-022,CIS112-24,1BSIS-1
2025-00346,OFR-023,CIS211-24,2BSIS-1
2025-00346,OFR-024,CIS212-24,2BSIS-1
2025-00347,OFR-025,CIS211-24,2BSIS-2
2025-00347,OFR-026,CIS212-24,2BSIS-2
2024-00348,OFR-027,CIS311-24,3BSIS-1
2024-00348,OFR-028,CIS312-24,3BSIS-1
2023-00349,OFR-029,CIS411-24,4BSIS-1
2023-00349,OFR-030,CIS412-24,4BSIS-1
2026-00350,OFR-001,CCS111-24,1BSCS-1
2026-00350,OFR-002,CCS112-24,1BSCS-1
2026-00350,OFR-011,CIT111-24,1BSIT-1
2025-00351,OFR-003,CCS211-24,2BSCS-1
2025-00351,OFR-004,CCS212-24,2BSCS-1
2025-00352,OFR-005,CCS211-24,2BSCS-2
2025-00352,OFR-006,CCS212-24,2BSCS-2
2024-00353,OFR-007,CCS311-24,3BSCS-1
2024-00353,OFR-008,CCS312-24,3BSCS-1
2023-00354,OFR-009,CCS411-24,4BSCS-1
2023-00354,OFR-010,CCS412-24,4BSCS-1
2026-00355,OFR-011,CIT111-24,1BSIT-1
2026-00355,OFR-012,CIT112-24,1BSIT-1
2025-00356,OFR-013,CIT211-24,2BSIT-1
2025-00356,OFR-014,CIT212-24,2BSIT-1
2025-00357,OFR-015,CIT211-24,2BSIT-2
2025-00357,OFR-016,CIT212-24,2BSIT-2
2024-00358,OFR-017,CIT311-24,3BSIT-1
2024-00358,OFR-018,CIT312-24,3BSIT-1
2023-00359,OFR-019,CIT411-24,4BSIT-1
2023-00359,OFR-020,CIT412-24,4BSIT-1
2026-00360,OFR-001,CCS111-24,1BSCS-1
2026-00360,OFR-002,CCS112-24,1BSCS-1
2026-00360,OFR-021,CIS111-24,1BSIS-1
2025-00361,OFR-023,CIS211-24,2BSIS-1
2025-00361,OFR-024,CIS212-24,2BSIS-1
2025-00362,OFR-025,CIS211-24,2BSIS-2
2025-00362,OFR-026,CIS212-24,2BSIS-2
2024-00363,OFR-027,CIS311-24,3BSIS-1
2024-00363,OFR-028,CIS312-24,3BSIS-1
2023-00364,OFR-029,CIS411-24,4BSIS-1
2023-00364,OFR-030,CIS412-24,4BSIS-1
2026-00365,OFR-001,CCS111-24,1BSCS-1
2026-00365,OFR-002,CCS112-24,1BSCS-1
2025-00366,OFR-003,CCS211-24,2BSCS-1
2025-00366,OFR-004,CCS212-24,2BSCS-1
2025-00367,OFR-005,CCS211-24,2BSCS-2
2025-00367,OFR-006,CCS212-24,2BSCS-2
2024-00368,OFR-007,CCS311-24,3BSCS-1
2024-00368,OFR-008,CCS312-24,3BSCS-1
2023-00369,OFR-009,CCS411-24,4BSCS-1
2023-00369,OFR-010,CCS412-24,4BSCS-1
2026-00370,OFR-001,CCS111-24,1BSCS-1
2026-00370,OFR-002,CCS112-24,1BSCS-1
2026-00370,OFR-011,CIT111-24,1BSIT-1
2025-00371,OFR-013,CIT211-24,2BSIT-1
2025-00371,OFR-014,CIT212-24,2BSIT-1
2025-00372,OFR-015,CIT211-24,2BSIT-2
2025-00372,OFR-016,CIT212-24,2BSIT-2
2024-00373,OFR-017,CIT311-24,3BSIT-1
2024-00373,OFR-018,CIT312-24,3BSIT-1
2023-00374,OFR-019,CIT411-24,4BSIT-1
2023-00374,OFR-020,CIT412-24,4BSIT-1
2026-00375,OFR-021,CIS111-24,1BSIS-1
2026-00375,OFR-022,CIS112-24,1BSIS-1
2025-00376,OFR-023,CIS211-24,2BSIS-1
2025-00376,OFR-024,CIS212-24,2BSIS-1
2025-00377,OFR-025,CIS211-24,2BSIS-2
2025-00377,OFR-026,CIS212-24,2BSIS-2
2024-00378,OFR-027,CIS311-24,3BSIS-1
2024-00378,OFR-028,CIS312-24,3BSIS-1
2023-00379,OFR-029,CIS411-24,4BSIS-1
2023-00379,OFR-030,CIS412-24,4BSIS-1
2026-00380,OFR-001,CCS111-24,1BSCS-1
2026-00380,OFR-002,CCS112-24,1BSCS-1
2026-00380,OFR-011,CIT111-24,1BSIT-1
2025-00381,OFR-003,CCS211-24,2BSCS-1
2025-00381,OFR-004,CCS212-24,2BSCS-1
2025-00382,OFR-005,CCS211-24,2BSCS-2
2025-00382,OFR-006,CCS212-24,2BSCS-2
2024-00383,OFR-007,CCS311-24,3BSCS-1
2024-00383,OFR-008,CCS312-24,3BSCS-1
2023-00384,OFR-009,CCS411-24,4BSCS-1
2023-00384,OFR-010,CCS412-24,4BSCS-1
2026-00385,OFR-011,CIT111-24,1BSIT-1
2026-00385,OFR-012,CIT112-24,1BSIT-1
2025-00386,OFR-013,CIT211-24,2BSIT-1
2025-00386,OFR-014,CIT212-24,2BSIT-1
2025-00387,OFR-015,CIT211-24,2BSIT-2
2025-00387,OFR-016,CIT212-24,2BSIT-2
2024-00388,OFR-017,CIT311-24,3BSIT-1
2024-00388,OFR-018,CIT312-24,3BSIT-1
2023-00389,OFR-019,CIT411-24,4BSIT-1
2023-00389,OFR-020,CIT412-24,4BSIT-1
2026-00390,OFR-001,CCS111-24,1BSCS-1
2026-00390,OFR-002,CCS112-24,1BSCS-1
2026-00390,OFR-021,CIS111-24,1BSIS-1
2025-00391,OFR-023,CIS211-24,2BSIS-1
2025-00391,OFR-024,CIS212-24,2BSIS-1
2025-00392,OFR-025,CIS211-24,2BSIS-2
2025-00392,OFR-026,CIS212-24,2BSIS-2
2024-00393,OFR-027,CIS311-24,3BSIS-1
2024-00393,OFR-028,CIS312-24,3BSIS-1
2023-00394,OFR-029,CIS411-24,4BSIS-1
2023-00394,OFR-030,CIS412-24,4BSIS-1
2026-00395,OFR-001,CCS111-24,1BSCS-1
2026-00395,OFR-002,CCS112-24,1BSCS-1
2025-00396,OFR-003,CCS211-24,2BSCS-1
2025-00396,OFR-004,CCS212-24,2BSCS-1
2025-00397,OFR-005,CCS211-24,2BSCS-2
2025-00397,OFR-006,CCS212-24,2BSCS-2
2024-00398,OFR-007,CCS311-24,3BSCS-1
2024-00398,OFR-008,CCS312-24,3BSCS-1
2023-00399,OFR-009,CCS411-24,4BSCS-1
2023-00399,OFR-010,CCS412-24,4BSCS-1
2026-00400,OFR-001,CCS111-24,1BSCS-1
2026-00400,OFR-002,CCS112-24,1BSCS-1
2026-00400,OFR-011,CIT111-24,1BSIT-1
2025-00401,OFR-013,CIT211-24,2BSIT-1
2025-00401,OFR-014,CIT212-24,2BSIT-1
2025-00402,OFR-015,CIT211-24,2BSIT-2
2025-00402,OFR-016,CIT212-24,2BSIT-2
2024-00403,OFR-017,CIT311-24,3BSIT-1
2024-00403,OFR-018,CIT312-24,3BSIT-1
2023-00404,OFR-019,CIT411-24,4BSIT-1
2023-00404,OFR-020,CIT412-24,4BSIT-1
2026-00405,OFR-021,CIS111-24,1BSIS-1
2026-00405,OFR-022,CIS112-24,1BSIS-1
2025-00406,OFR-023,CIS211-24,2BSIS-1
2025-00406,OFR-024,CIS212-24,2BSIS-1
2025-00407,OFR-025,CIS211-24,2BSIS-2
2025-00407,OFR-026,CIS212-24,2BSIS-2
2024-00408,OFR-027,CIS311-24,3BSIS-1
2024-00408,OFR-028,CIS312-24,3BSIS-1
2023-00409,OFR-029,CIS411-24,4BSIS-1
2023-00409,OFR-030,CIS412-24,4BSIS-1
2026-00410,OFR-001,CCS111-24,1BSCS-1
2026-00410,OFR-002,CCS112-24,1BSCS-1
2026-00410,OFR-011,CIT111-24,1BSIT-1
2025-00411,OFR-003,CCS211-24,2BSCS-1
2025-00411,OFR-004,CCS212-24,2BSCS-1
2025-00412,OFR-005,CCS211-24,2BSCS-2
2025-00412,OFR-006,CCS212-24,2BSCS-2
2024-00413,OFR-007,CCS311-24,3BSCS-1
2024-00413,OFR-008,CCS312-24,3BSCS-1
2023-00414,OFR-009,CCS411-24,4BSCS-1
2023-00414,OFR-010,CCS412-24,4BSCS-1
2026-00415,OFR-011,CIT111-24,1BSIT-1
2026-00415,OFR-012,CIT112-24,1BSIT-1
2025-00416,OFR-013,CIT211-24,2BSIT-1
2025-00416,OFR-014,CIT212-24,2BSIT-1
2025-00417,OFR-015,CIT211-24,2BSIT-2
2025-00417,OFR-016,CIT212-24,2BSIT-2
2024-00418,OFR-017,CIT311-24,3BSIT-1
2024-00418,OFR-018,CIT312-24,3BSIT-1
2023-00419,OFR-019,CIT411-24,4BSIT-1
2023-00419,OFR-020,CIT412-24,4BSIT-1
2026-00420,OFR-001,CCS111-24,1BSCS-1
2026-00420,OFR-002,CCS112-24,1BSCS-1
2026-00420,OFR-021,CIS111-24,1BSIS-1
2025-00421,OFR-023,CIS211-24,2BSIS-1
2025-00421,OFR-024,CIS212-24,2BSIS-1
2025-00422,OFR-025,CIS211-24,2BSIS-2
2025-00422,OFR-026,CIS212-24,2BSIS-2
2024-00423,OFR-027,CIS311-24,3BSIS-1
2024-00423,OFR-028,CIS312-24,3BSIS-1
2023-00424,OFR-029,CIS411-24,4BSIS-1
2023-00424,OFR-030,CIS412-24,4BSIS-1
2026-00425,OFR-001,CCS111-24,1BSCS-1
2026-00425,OFR-002,CCS112-24,1BSCS-1
2025-00426,OFR-003,CCS211-24,2BSCS-1
2025-00426,OFR-004,CCS212-24,2BSCS-1
2025-00427,OFR-005,CCS211-24,2BSCS-2
2025-00427,OFR-006,CCS212-24,2BSCS-2
2024-00428,OFR-007,CCS311-24,3BSCS-1
2024-00428,OFR-008,CCS312-24,3BSCS-1
2023-00429,OFR-009,CCS411-24,4BSCS-1
2023-00429,OFR-010,CCS412-24,4BSCS-1
2026-00430,OFR-001,CCS111-24,1BSCS-1
2026-00430,OFR-002,CCS112-24,1BSCS-1
2026-00430,OFR-011,CIT111-24,1BSIT-1
2025-00431,OFR-013,CIT211-24,2BSIT-1
2025-00431,OFR-014,CIT212-24,2BSIT-1
2025-00432,OFR-015,CIT211-24,2BSIT-2
2025-00432,OFR-016,CIT212-24,2BSIT-2
2024-00433,OFR-017,CIT311-24,3BSIT-1
2024-00433,OFR-018,CIT312-24,3BSIT-1
2023-00434,OFR-019,CIT411-24,4BSIT-1
2023-00434,OFR-020,CIT412-24,4BSIT-1
2026-00435,OFR-021,CIS111-24,1BSIS-1
2026-00435,OFR-022,CIS112-24,1BSIS-1
2025-00436,OFR-023,CIS211-24,2BSIS-1
2025-00436,OFR-024,CIS212-24,2BSIS-1
2025-00437,OFR-025,CIS211-24,2BSIS-2
2025-00437,OFR-026,CIS212-24,2BSIS-2
2024-00438,OFR-027,CIS311-24,3BSIS-1
2024-00438,OFR-028,CIS312-24,3BSIS-1
2023-00439,OFR-029,CIS411-24,4BSIS-1
2023-00439,OFR-030,CIS412-24,4BSIS-1
2026-00440,OFR-001,CCS111-24,1BSCS-1
2026-00440,OFR-002,CCS112-24,1BSCS-1
2026-00440,OFR-011,CIT111-24,1BSIT-1
2025-00441,OFR-003,CCS211-24,2BSCS-1
2025-00441,OFR-004,CCS212-24,2BSCS-1
2025-00442,OFR-005,CCS211-24,2BSCS-2
2025-00442,OFR-006,CCS212-24,2BSCS-2
2024-00443,OFR-007,CCS311-24,3BSCS-1
2024-00443,OFR-008,CCS312-24,3BSCS-1
2023-00444,OFR-009,CCS411-24,4BSCS-1
2023-00444,OFR-010,CCS412-24,4BSCS-1
2026-00445,OFR-011,CIT111-24,1BSIT-1
2026-00445,OFR-012,CIT112-24,1BSIT-1
2025-00446,OFR-013,CIT211-24,2BSIT-1
2025-00446,OFR-014,CIT212-24,2BSIT-1
2025-00447,OFR-015,CIT211-24,2BSIT-2
2025-00447,OFR-016,CIT212-24,2BSIT-2
2024-00448,OFR-017,CIT311-24,3BSIT-1
2024-00448,OFR-018,CIT312-24,3BSIT-1
2023-00449,OFR-019,CIT411-24,4BSIT-1
2023-00449,OFR-020,CIT412-24,4BSIT-1
2026-00450,OFR-001,CCS111-24,1BSCS-1
2026-00450,OFR-002,CCS112-24,1BSCS-1
2026-00450,OFR-021,CIS111-24,1BSIS-1
2025-00451,OFR-023,CIS211-24,2BSIS-1
2025-00451,OFR-024,CIS212-24,2BSIS-1
2025-00452,OFR-025,CIS211-24,2BSIS-2
2025-00452,OFR-026,CIS212-24,2BSIS-2
2024-00453,OFR-027,CIS311-24,3BSIS-1
2024-00453,OFR-028,CIS312-24,3BSIS-1
2023-00454,OFR-029,CIS411-24,4BSIS-1
2023-00454,OFR-030,CIS412-24,4BSIS-1
2026-00455,OFR-001,CCS111-24,1BSCS-1
2026-00455,OFR-002,CCS112-24,1BSCS-1
2025-00456,OFR-003,CCS211-24,2BSCS-1
2025-00456,OFR-004,CCS212-24,2BSCS-1
2025-00457,OFR-005,CCS211-24,2BSCS-2
2025-00457,OFR-006,CCS212-24,2BSCS-2
2024-00458,OFR-007,CCS311-24,3BSCS-1
2024-00458,OFR-008,CCS312-24,3BSCS-1
2023-00459,OFR-009,CCS411-24,4BSCS-1
2023-00459,OFR-010,CCS412-24,4BSCS-1
2026-00460,OFR-001,CCS111-24,1BSCS-1
2026-00460,OFR-002,CCS112-24,1BSCS-1
2026-00460,OFR-011,CIT111-24,1BSIT-1
2025-00461,OFR-013,CIT211-24,2BSIT-1
2025-00461,OFR-014,CIT212-24,2BSIT-1
2025-00462,OFR-015,CIT211-24,2BSIT-2
2025-00462,OFR-016,CIT212-24,2BSIT-2
2024-00463,OFR-017,CIT311-24,3BSIT-1
2024-00463,OFR-018,CIT312-24,3BSIT-1
2023-00464,OFR-019,CIT411-24,4BSIT-1
2023-00464,OFR-020,CIT412-24,4BSIT-1
2026-00465,OFR-021,CIS111-24,1BSIS-1
2026-00465,OFR-022,CIS112-24,1BSIS-1
2025-00466,OFR-023,CIS211-24,2BSIS-1
2025-00466,OFR-024,CIS212-24,2BSIS-1
2025-00467,OFR-025,CIS211-24,2BSIS-2
2025-00467,OFR-026,CIS212-24,2BSIS-2
2024-00468,OFR-027,CIS311-24,3BSIS-1
2024-00468,OFR-028,CIS312-24,3BSIS-1
2023-00469,OFR-029,CIS411-24,4BSIS-1
2023-00469,OFR-030,CIS412-24,4BSIS-1
2026-00470,OFR-001,CCS111-24,1BSCS-1
2026-00470,OFR-002,CCS112-24,1BSCS-1
2026-00470,OFR-011,CIT111-24,1BSIT-1
2025-00471,OFR-003,CCS211-24,2BSCS-1
2025-00471,OFR-004,CCS212-24,2BSCS-1
2025-00472,OFR-005,CCS211-24,2BSCS-2
2025-00472,OFR-006,CCS212-24,2BSCS-2
2024-00473,OFR-007,CCS311-24,3BSCS-1
2024-00473,OFR-008,CCS312-24,3BSCS-1
2023-00474,OFR-009,CCS411-24,4BSCS-1
2023-00474,OFR-010,CCS412-24,4BSCS-1
2026-00475,OFR-011,CIT111-24,1BSIT-1
2026-00475,OFR-012,CIT112-24,1BSIT-1
2025-00476,OFR-013,CIT211-24,2BSIT-1
2025-00476,OFR-014,CIT212-24,2BSIT-1
2025-00477,OFR-015,CIT211-24,2BSIT-2
2025-00477,OFR-016,CIT212-24,2BSIT-2
2024-00478,OFR-017,CIT311-24,3BSIT-1
2024-00478,OFR-018,CIT312-24,3BSIT-1
2023-00479,OFR-019,CIT411-24,4BSIT-1
2023-00479,OFR-020,CIT412-24,4BSIT-1
2026-00480,OFR-001,CCS111-24,1BSCS-1
2026-00480,OFR-002,CCS112-24,1BSCS-1
2026-00480,OFR-021,CIS111-24,1BSIS-1
2025-00481,OFR-023,CIS211-24,2BSIS-1
2025-00481,OFR-024,CIS212-24,2BSIS-1
2025-00482,OFR-025,CIS211-24,2BSIS-2
2025-00482,OFR-026,CIS212-24,2BSIS-2
2024-00483,OFR-027,CIS311-24,3BSIS-1
2024-00483,OFR-028,CIS312-24,3BSIS-1
2023-00484,OFR-029,CIS411-24,4BSIS-1
2023-00484,OFR-030,CIS412-24,4BSIS-1
2026-00485,OFR-001,CCS111-24,1BSCS-1
2026-00485,OFR-002,CCS112-24,1BSCS-1
2025-00486,OFR-003,CCS211-24,2BSCS-1
2025-00486,OFR-004,CCS212-24,2BSCS-1
2025-00487,OFR-005,CCS211-24,2BSCS-2
2025-00487,OFR-006,CCS212-24,2BSCS-2
2024-00488,OFR-007,CCS311-24,3BSCS-1
2024-00488,OFR-008,CCS312-24,3BSCS-1
2023-00489,OFR-009,CCS411-24,4BSCS-1
2023-00489,OFR-010,CCS412-24,4BSCS-1
2026-00490,OFR-001,CCS111-24,1BSCS-1
2026-00490,OFR-002,CCS112-24,1BSCS-1
2026-00490,OFR-011,CIT111-24,1BSIT-1
2025-00491,OFR-013,CIT211-24,2BSIT-1
2025-00491,OFR-014,CIT212-24,2BSIT-1
2025-00492,OFR-015,CIT211-24,2BSIT-2
2025-00492,OFR-016,CIT212-24,2BSIT-2
2024-00493,OFR-017,CIT311-24,3BSIT-1
2024-00493,OFR-018,CIT312-24,3BSIT-1
2023-00494,OFR-019,CIT411-24,4BSIT-1
2023-00494,OFR-020,CIT412-24,4BSIT-1
2026-00495,OFR-021,CIS111-24,1BSIS-1
2026-00495,OFR-022,CIS112-24,1BSIS-1
2025-00496,OFR-023,CIS211-24,2BSIS-1
2025-00496,OFR-024,CIS212-24,2BSIS-1
2025-00497,OFR-025,CIS211-24,2BSIS-2
2025-00497,OFR-026,CIS212-24,2BSIS-2
2024-00498,OFR-027,CIS311-24,3BSIS-1
2024-00498,OFR-028,CIS312-24,3BSIS-1
2023-00499,OFR-029,CIS411-24,4BSIS-1
2023-00499,OFR-030,CIS412-24,4BSIS-1
2026-00500,OFR-001,CCS111-24,1BSCS-1
2026-00500,OFR-002,CCS112-24,1BSCS-1
2026-00500,OFR-011,CIT111-24,1BSIT-1
2025-00501,OFR-003,CCS211-24,2BSCS-1
2025-00501,OFR-004,CCS212-24,2BSCS-1
2025-00502,OFR-005,CCS211-24,2BSCS-2
2025-00502,OFR-006,CCS212-24,2BSCS-2
2024-00503,OFR-007,CCS311-24,3BSCS-1
2024-00503,OFR-008,CCS312-24,3BSCS-1
2023-00504,OFR-009,CCS411-24,4BSCS-1
2023-00504,OFR-010,CCS412-24,4BSCS-1
2026-00505,OFR-011,CIT111-24,1BSIT-1
2026-00505,OFR-012,CIT112-24,1BSIT-1
2025-00506,OFR-013,CIT211-24,2BSIT-1
2025-00506,OFR-014,CIT212-24,2BSIT-1
2025-00507,OFR-015,CIT211-24,2BSIT-2
2025-00507,OFR-016,CIT212-24,2BSIT-2
2024-00508,OFR-017,CIT311-24,3BSIT-1
2024-00508,OFR-018,CIT312-24,3BSIT-1
2023-00509,OFR-019,CIT411-24,4BSIT-1
2023-00509,OFR-020,CIT412-24,4BSIT-1
2026-00510,OFR-001,CCS111-24,1BSCS-1
2026-00510,OFR-002,CCS112-24,1BSCS-1
2026-00510,OFR-021,CIS111-24,1BSIS-1
2025-00511,OFR-023,CIS211-24,2BSIS-1
2025-00511,OFR-024,CIS212-24,2BSIS-1
2025-00512,OFR-025,CIS211-24,2BSIS-2
2025-00512,OFR-026,CIS212-24,2BSIS-2
2024-00513,OFR-027,CIS311-24,3BSIS-1
2024-00513,OFR-028,CIS312-24,3BSIS-1
2023-00514,OFR-029,CIS411-24,4BSIS-1
2023-00514,OFR-030,CIS412-24,4BSIS-1
2026-00515,OFR-001,CCS111-24,1BSCS-1
2026-00515,OFR-002,CCS112-24,1BSCS-1
2025-00516,OFR-003,CCS211-24,2BSCS-1
2025-00516,OFR-004,CCS212-24,2BSCS-1
2025-00517,OFR-005,CCS211-24,2BSCS-2
2025-00517,OFR-006,CCS212-24,2BSCS-2
2024-00518,OFR-007,CCS311-24,3BSCS-1
2024-00518,OFR-008,CCS312-24,3BSCS-1
2023-00519,OFR-009,CCS411-24,4BSCS-1
2023-00519,OFR-010,CCS412-24,4BSCS-1
2026-00520,OFR-001,CCS111-24,1BSCS-1
2026-00520,OFR-002,CCS112-24,1BSCS-1
2026-00520,OFR-011,CIT111-24,1BSIT-1
2025-00521,OFR-013,CIT211-24,2BSIT-1
2025-00521,OFR-014,CIT212-24,2BSIT-1
2025-00522,OFR-015,CIT211-24,2BSIT-2
2025-00522,OFR-016,CIT212-24,2BSIT-2
2024-00523,OFR-017,CIT311-24,3BSIT-1
2024-00523,OFR-018,CIT312-24,3BSIT-1
2023-00524,OFR-019,CIT411-24,4BSIT-1
2023-00524,OFR-020,CIT412-24,4BSIT-1
2026-00525,OFR-021,CIS111-24,1BSIS-1
2026-00525,OFR-022,CIS112-24,1BSIS-1
2025-00526,OFR-023,CIS211-24,2BSIS-1
2025-00526,OFR-024,CIS212-24,2BSIS-1
2025-00527,OFR-025,CIS211-24,2BSIS-2
2025-00527,OFR-026,CIS212-24,2BSIS-2
2024-00528,OFR-027,CIS311-24,3BSIS-1
2024-00528,OFR-028,CIS312-24,3BSIS-1
2023-00529,OFR-029,CIS411-24,4BSIS-1
2023-00529,OFR-030,CIS412-24,4BSIS-1
2026-00530,OFR-001,CCS111-24,1BSCS-1
2026-00530,OFR-002,CCS112-24,1BSCS-1
2026-00530,OFR-011,CIT111-24,1BSIT-1
2025-00531,OFR-003,CCS211-24,2BSCS-1
2025-00531,OFR-004,CCS212-24,2BSCS-1
2025-00532,OFR-005,CCS211-24,2BSCS-2
2025-00532,OFR-006,CCS212-24,2BSCS-2
2024-00533,OFR-007,CCS311-24,3BSCS-1
2024-00533,OFR-008,CCS312-24,3BSCS-1
2023-00534,OFR-009,CCS411-24,4BSCS-1
2023-00534,OFR-010,CCS412-24,4BSCS-1
2026-00535,OFR-011,CIT111-24,1BSIT-1
2026-00535,OFR-012,CIT112-24,1BSIT-1
2025-00536,OFR-013,CIT211-24,2BSIT-1
2025-00536,OFR-014,CIT212-24,2BSIT-1
2025-00537,OFR-015,CIT211-24,2BSIT-2
2025-00537,OFR-016,CIT212-24,2BSIT-2
2024-00538,OFR-017,CIT311-24,3BSIT-1
2024-00538,OFR-018,CIT312-24,3BSIT-1
2023-00539,OFR-019,CIT411-24,4BSIT-1
2023-00539,OFR-020,CIT412-24,4BSIT-1
2026-00540,OFR-001,CCS111-24,1BSCS-1
2026-00540,OFR-002,CCS112-24,1BSCS-1
2026-00540,OFR-021,CIS111-24,1BSIS-1
2025-00541,OFR-023,CIS211-24,2BSIS-1
2025-00541,OFR-024,CIS212-24,2BSIS-1
2025-00542,OFR-025,CIS211-24,2BSIS-2
2025-00542,OFR-026,CIS212-24,2BSIS-2
2024-00543,OFR-027,CIS311-24,3BSIS-1
2024-00543,OFR-028,CIS312-24,3BSIS-1
2023-00544,OFR-029,CIS411-24,4BSIS-1
2023-00544,OFR-030,CIS412-24,4BSIS-1
2026-00545,OFR-001,CCS111-24,1BSCS-1
2026-00545,OFR-002,CCS112-24,1BSCS-1
2025-00546,OFR-003,CCS211-24,2BSCS-1
2025-00546,OFR-004,CCS212-24,2BSCS-1
2025-00547,OFR-005,CCS211-24,2BSCS-2
2025-00547,OFR-006,CCS212-24,2BSCS-2
2024-00548,OFR-007,CCS311-24,3BSCS-1
2024-00548,OFR-008,CCS312-24,3BSCS-1
2023-00549,OFR-009,CCS411-24,4BSCS-1
2023-00549,OFR-010,CCS412-24,4BSCS-1
2026-00550,OFR-001,CCS111-24,1BSCS-1
2026-00550,OFR-002,CCS112-24,1BSCS-1
2026-00550,OFR-011,CIT111-24,1BSIT-1
2025-00551,OFR-013,CIT211-24,2BSIT-1
2025-00551,OFR-014,CIT212-24,2BSIT-1
2025-00552,OFR-015,CIT211-24,2BSIT-2
2025-00552,OFR-016,CIT212-24,2BSIT-2
2024-00553,OFR-017,CIT311-24,3BSIT-1
2024-00553,OFR-018,CIT312-24,3BSIT-1
2023-00554,OFR-019,CIT411-24,4BSIT-1
2023-00554,OFR-020,CIT412-24,4BSIT-1
2026-00555,OFR-021,CIS111-24,1BSIS-1
2026-00555,OFR-022,CIS112-24,1BSIS-1
2025-00556,OFR-023,CIS211-24,2BSIS-1
2025-00556,OFR-024,CIS212-24,2BSIS-1
2025-00557,OFR-025,CIS211-24,2BSIS-2
2025-00557,OFR-026,CIS212-24,2BSIS-2
2024-00558,OFR-027,CIS311-24,3BSIS-1
2024-00558,OFR-028,CIS312-24,3BSIS-1
2023-00559,OFR-029,CIS411-24,4BSIS-1
2023-00559,OFR-030,CIS412-24,4BSIS-1
2026-00560,OFR-001,CCS111-24,1BSCS-1
2026-00560,OFR-002,CCS112-24,1BSCS-1
2026-00560,OFR-011,CIT111-24,1BSIT-1
2025-00561,OFR-003,CCS211-24,2BSCS-1
2025-00561,OFR-004,CCS212-24,2BSCS-1
2025-00562,OFR-005,CCS211-24,2BSCS-2
2025-00562,OFR-006,CCS212-24,2BSCS-2
2024-00563,OFR-007,CCS311-24,3BSCS-1
2024-00563,OFR-008,CCS312-24,3BSCS-1
2023-00564,OFR-009,CCS411-24,4BSCS-1
2023-00564,OFR-010,CCS412-24,4BSCS-1
2026-00565,OFR-011,CIT111-24,1BSIT-1
2026-00565,OFR-012,CIT112-24,1BSIT-1
2025-00566,OFR-013,CIT211-24,2BSIT-1
2025-00566,OFR-014,CIT212-24,2BSIT-1
2025-00567,OFR-015,CIT211-24,2BSIT-2
2025-00567,OFR-016,CIT212-24,2BSIT-2
2024-00568,OFR-017,CIT311-24,3BSIT-1
2024-00568,OFR-018,CIT312-24,3BSIT-1
2023-00569,OFR-019,CIT411-24,4BSIT-1
2023-00569,OFR-020,CIT412-24,4BSIT-1
2026-00570,OFR-001,CCS111-24,1BSCS-1
2026-00570,OFR-002,CCS112-24,1BSCS-1
2026-00570,OFR-021,CIS111-24,1BSIS-1
2025-00571,OFR-023,CIS211-24,2BSIS-1
2025-00571,OFR-024,CIS212-24,2BSIS-1
2025-00572,OFR-025,CIS211-24,2BSIS-2
2025-00572,OFR-026,CIS212-24,2BSIS-2
2024-00573,OFR-027,CIS311-24,3BSIS-1
2024-00573,OFR-028,CIS312-24,3BSIS-1
2023-00574,OFR-029,CIS411-24,4BSIS-1
2023-00574,OFR-030,CIS412-24,4BSIS-1
2026-00575,OFR-001,CCS111-24,1BSCS-1
2026-00575,OFR-002,CCS112-24,1BSCS-1
2025-00576,OFR-003,CCS211-24,2BSCS-1
2025-00576,OFR-004,CCS212-24,2BSCS-1
2025-00577,OFR-005,CCS211-24,2BSCS-2
2025-00577,OFR-006,CCS212-24,2BSCS-2
2024-00578,OFR-007,CCS311-24,3BSCS-1
2024-00578,OFR-008,CCS312-24,3BSCS-1
2023-00579,OFR-009,CCS411-24,4BSCS-1
2023-00579,OFR-010,CCS412-24,4BSCS-1
2026-00580,OFR-001,CCS111-24,1BSCS-1
2026-00580,OFR-002,CCS112-24,1BSCS-1
2026-00580,OFR-011,CIT111-24,1BSIT-1
2025-00581,OFR-013,CIT211-24,2BSIT-1
2025-00581,OFR-014,CIT212-24,2BSIT-1
2025-00582,OFR-015,CIT211-24,2BSIT-2
2025-00582,OFR-016,CIT212-24,2BSIT-2
2024-00583,OFR-017,CIT311-24,3BSIT-1
2024-00583,OFR-018,CIT312-24,3BSIT-1
2023-00584,OFR-019,CIT411-24,4BSIT-1
2023-00584,OFR-020,CIT412-24,4BSIT-1
2026-00585,OFR-021,CIS111-24,1BSIS-1
2026-00585,OFR-022,CIS112-24,1BSIS-1
2025-00586,OFR-023,CIS211-24,2BSIS-1
2025-00586,OFR-024,CIS212-24,2BSIS-1
2025-00587,OFR-025,CIS211-24,2BSIS-2
2025-00587,OFR-026,CIS212-24,2BSIS-2
2024-00588,OFR-027,CIS311-24,3BSIS-1
2024-00588,OFR-028,CIS312-24,3BSIS-1
2023-00589,OFR-029,CIS411-24,4BSIS-1
2023-00589,OFR-030,CIS412-24,4BSIS-1
2026-00590,OFR-001,CCS111-24,1BSCS-1
2026-00590,OFR-002,CCS112-24,1BSCS-1
2026-00590,OFR-011,CIT111-24,1BSIT-1
2025-00591,OFR-003,CCS211-24,2BSCS-1
2025-00591,OFR-004,CCS212-24,2BSCS-1
2025-00592,OFR-005,CCS211-24,2BSCS-2
2025-00592,OFR-006,CCS212-24,2BSCS-2
2024-00593,OFR-007,CCS311-24,3BSCS-1
2024-00593,OFR-008,CCS312-24,3BSCS-1
2023-00594,OFR-009,CCS411-24,4BSCS-1
2023-00594,OFR-010,CCS412-24,4BSCS-1
2026-00595,OFR-011,CIT111-24,1BSIT-1
2026-00595,OFR-012,CIT112-24,1BSIT-1
2025-00596,OFR-013,CIT211-24,2BSIT-1
2025-00596,OFR-014,CIT212-24,2BSIT-1
2025-00597,OFR-015,CIT211-24,2BSIT-2
2025-00597,OFR-016,CIT212-24,2BSIT-2
2024-00598,OFR-017,CIT311-24,3BSIT-1
2024-00598,OFR-018,CIT312-24,3BSIT-1
2023-00599,OFR-019,CIT411-24,4BSIT-1
2023-00599,OFR-020,CIT412-24,4BSIT-1
2026-00600,OFR-001,CCS111-24,1BSCS-1
2026-00600,OFR-002,CCS112-24,1BSCS-1
2026-00600,OFR-021,CIS111-24,1BSIS-1
2025-00601,OFR-023,CIS211-24,2BSIS-1
2025-00601,OFR-024,CIS212-24,2BSIS-1
2025-00602,OFR-025,CIS211-24,2BSIS-2
2025-00602,OFR-026,CIS212-24,2BSIS-2
2024-00603,OFR-027,CIS311-24,3BSIS-1
2024-00603,OFR-028,CIS312-24,3BSIS-1
2023-00604,OFR-029,CIS411-24,4BSIS-1
2023-00604,OFR-030,CIS412-24,4BSIS-1
2026-00605,OFR-001,CCS111-24,1BSCS-1
2026-00605,OFR-002,CCS112-24,1BSCS-1
2025-00606,OFR-003,CCS211-24,2BSCS-1
2025-00606,OFR-004,CCS212-24,2BSCS-1
2025-00607,OFR-005,CCS211-24,2BSCS-2
2025-00607,OFR-006,CCS212-24,2BSCS-2
2024-00608,OFR-007,CCS311-24,3BSCS-1
2024-00608,OFR-008,CCS312-24,3BSCS-1
2023-00609,OFR-009,CCS411-24,4BSCS-1
2023-00609,OFR-010,CCS412-24,4BSCS-1
2026-00610,OFR-001,CCS111-24,1BSCS-1
2026-00610,OFR-002,CCS112-24,1BSCS-1
2026-00610,OFR-011,CIT111-24,1BSIT-1
2025-00611,OFR-013,CIT211-24,2BSIT-1
2025-00611,OFR-014,CIT212-24,2BSIT-1
2025-00612,OFR-015,CIT211-24,2BSIT-2
2025-00612,OFR-016,CIT212-24,2BSIT-2
2024-00613,OFR-017,CIT311-24,3BSIT-1
2024-00613,OFR-018,CIT312-24,3BSIT-1
2023-00614,OFR-019,CIT411-24,4BSIT-1
2023-00614,OFR-020,CIT412-24,4BSIT-1
2026-00615,OFR-021,CIS111-24,1BSIS-1
2026-00615,OFR-022,CIS112-24,1BSIS-1
2025-00616,OFR-023,CIS211-24,2BSIS-1
2025-00616,OFR-024,CIS212-24,2BSIS-1
2025-00617,OFR-025,CIS211-24,2BSIS-2
2025-00617,OFR-026,CIS212-24,2BSIS-2
2024-00618,OFR-027,CIS311-24,3BSIS-1
2024-00618,OFR-028,CIS312-24,3BSIS-1
2023-00619,OFR-029,CIS411-24,4BSIS-1
2023-00619,OFR-030,CIS412-24,4BSIS-1
